,Seed,Learning Rate,Batch Size,Val CE,Val Accuracy,Val F1,Test CE,Test Accuracy,Test F1,Fine Tuning Time(m),Test Labeling Time(m),classification_report
0,5768,1e-05,8,1.7138080429742295,0.9820816606286106,0.9828188528716553,2.5976112675991048,0.9761234329797492,0.9777080569724387,9.087057999769847,0.05179342826207479,"              precision    recall  f1-score   support

         LOC     0.7356    0.8040    0.7683       301
         ORG     0.5920    0.8843    0.7092       553
         PER     0.9041    0.9167    0.9103       288

   micro avg     0.6876    0.8713    0.7686      1142
   macro avg     0.7439    0.8683    0.7959      1142
weighted avg     0.7086    0.8713    0.7755      1142
"
0,78516,1e-05,8,0.9515474713316151,0.966807010672672,0.9691582314244446,1.4561444911691876,0.9573770491803278,0.9628899611777471,4.483633053302765,0.0519289215405782,"              precision    recall  f1-score   support

         LOC     0.5396    0.8140    0.6490       301
         ORG     0.4096    0.7740    0.5357       553
         PER     0.8874    0.9306    0.9085       288

   micro avg     0.5225    0.8240    0.6395      1142
   macro avg     0.6122    0.8395    0.6977      1142
weighted avg     0.5644    0.8240    0.6596      1142
"
0,944601,1e-05,8,1.114090879310799,0.976010966415353,0.9773876279338652,1.880070059656821,0.9670973963355834,0.9704545639116937,6.476893985271454,0.052050864696502684,"              precision    recall  f1-score   support

         LOC     0.6414    0.8439    0.7288       301
         ORG     0.5046    0.8987    0.6463       553
         PER     0.8645    0.9306    0.8963       288

   micro avg     0.6026    0.8923    0.7194      1142
   macro avg     0.6702    0.8910    0.7572      1142
weighted avg     0.6314    0.8923    0.7311      1142
"
