,Seed,Learning Rate,Batch Size,Val CE,Val Accuracy,Val F1,Test CE,Test Accuracy,Test F1,Fine Tuning Time(m),Test Labeling Time(m),classification_report
0,5768,1e-05,16,1.7195420778771935,0.9830759343291721,0.9838361314651629,3.7433153234149494,0.9771077850759126,0.9782795410816761,72.57970007658005,0.378717048962911,"              precision    recall  f1-score   support

         LOC     0.9135    0.9305    0.9219      1668
         ORG     0.7149    0.9482    0.8152      1661
         PER     0.9728    0.9505    0.9615      1617

   micro avg     0.8508    0.9430    0.8945      4946
   macro avg     0.8671    0.9431    0.8995      4946
weighted avg     0.8662    0.9430    0.8990      4946
"
0,78516,1e-05,16,1.4915319312868616,0.9830564589946832,0.983684346834763,3.413913643873659,0.9766555400021536,0.9777084786020092,67.01406830151876,0.3781213442484538,"              precision    recall  f1-score   support

         LOC     0.8454    0.9347    0.8878      1668
         ORG     0.7363    0.9079    0.8132      1661
         PER     0.9614    0.9549    0.9581      1617

   micro avg     0.8387    0.9323    0.8830      4946
   macro avg     0.8477    0.9325    0.8864      4946
weighted avg     0.8467    0.9323    0.8857      4946
"
0,944601,1e-05,16,1.3710082631886882,0.9792587687693536,0.9802119191134653,4.06883872412005,0.9719177344675353,0.9733773580646778,61.35411912202835,0.3779586394627889,"              precision    recall  f1-score   support

         LOC     0.8329    0.9382    0.8824      1668
         ORG     0.6876    0.9091    0.7830      1661
         PER     0.9513    0.9412    0.9462      1617

   micro avg     0.8100    0.9294    0.8656      4946
   macro avg     0.8239    0.9295    0.8706      4946
weighted avg     0.8228    0.9294    0.8699      4946
"
