,Seed,Learning Rate,Batch Size,Val CE,Val Accuracy,Val F1,Test CE,Test Accuracy,Test F1,Fine Tuning Time(m),Test Labeling Time(m),classification_report
0,5768,1e-05,16,1.4365394841948085,0.9796093247901533,0.980502911953946,5.179053299363552,0.9635101253616201,0.967309386448158,63.13231609265009,0.15483593940734863,"              precision    recall  f1-score   support

         LOC     0.6185    0.9103    0.7366       301
         ORG     0.5109    0.8499    0.6382       553
         PER     0.8344    0.9444    0.8860       288

   micro avg     0.6015    0.8897    0.7178      1142
   macro avg     0.6546    0.9016    0.7536      1142
weighted avg     0.6208    0.8897    0.7266      1142
"
0,78516,1e-05,16,1.2611980085750796,0.9758116345648237,0.9772420209191817,4.231901138727314,0.9509739633558342,0.9583248831850615,62.872097257773085,0.1612493356068929,"              precision    recall  f1-score   support

         LOC     0.7245    0.8738    0.7922       301
         ORG     0.3737    0.7703    0.5032       553
         PER     0.8083    0.9514    0.8740       288

   micro avg     0.5228    0.8433    0.6454      1142
   macro avg     0.6355    0.8652    0.7231      1142
weighted avg     0.5757    0.8433    0.6729      1142
"
0,944601,1e-05,16,1.6017121313523282,0.9761621905856233,0.9772970915579938,4.118964310841608,0.9596528447444551,0.9641474041186269,50.62684457699458,0.1544587771097819,"              precision    recall  f1-score   support

         LOC     0.6778    0.8738    0.7634       301
         ORG     0.4310    0.7957    0.5591       553
         PER     0.7787    0.9410    0.8522       288

   micro avg     0.5544    0.8529    0.6720      1142
   macro avg     0.6292    0.8701    0.7249      1142
weighted avg     0.5837    0.8529    0.6869      1142
"
