,Seed,Learning Rate,Batch Size,Val CE,Val Accuracy,Val F1,Test CE,Test Accuracy,Test F1,Fine Tuning Time(m),Test Labeling Time(m),classification_report
0,5768,1e-05,16,4.003885110123799,0.9734651914226966,0.9749458038939778,21.48981041447432,0.9416173145256811,0.9452101817591226,19.493212672074637,0.38069059054056803,"              precision    recall  f1-score   support

         LOC     0.5577    0.8927    0.6865      1668
         ORG     0.5092    0.5148    0.5120      1661
         PER     0.8554    0.9109    0.8823      1617

   micro avg     0.6287    0.7717    0.6929      4946
   macro avg     0.6408    0.7728    0.6936      4946
weighted avg     0.6387    0.7717    0.6919      4946
"
0,78516,1e-05,16,2.58264033904729,0.9785567414080094,0.9795775370314888,20.117671857462955,0.9507268224399699,0.9545404462899325,18.075876033306123,0.3794859965642293,"              precision    recall  f1-score   support

         LOC     0.6097    0.9083    0.7296      1668
         ORG     0.5768    0.6105    0.5932      1661
         PER     0.9563    0.9202    0.9379      1617

   micro avg     0.6927    0.8122    0.7477      4946
   macro avg     0.7142    0.8130    0.7536      4946
weighted avg     0.7119    0.8122    0.7519      4946
"
0,944601,1e-05,16,3.1639266830797377,0.9726818760403407,0.9744481927873513,13.794873203444123,0.9414019597286529,0.9470607714851408,17.857524828116098,0.3800084511439005,"              precision    recall  f1-score   support

         LOC     0.5874    0.9089    0.7136      1668
         ORG     0.5197    0.6598    0.5814      1661
         PER     0.9382    0.9202    0.9291      1617

   micro avg     0.6533    0.8290    0.7307      4946
   macro avg     0.6818    0.8296    0.7414      4946
weighted avg     0.6793    0.8290    0.7397      4946
"
