,Seed,Learning Rate,Batch Size,Val CE,Val Accuracy,Val F1,Test CE,Test Accuracy,Test F1,Fine Tuning Time(m),Test Labeling Time(m),classification_report
0,5768,1e-05,8,1.3488413329948397,0.9699373286329808,0.9719199496295268,2.3136948596686127,0.9599336086771915,0.9648220755229838,5.807359512646993,0.05697240432103475,"              precision    recall  f1-score   support

         LOC     0.5742    0.7841    0.6629       301
         ORG     0.4585    0.8391    0.5930       553
         PER     0.8275    0.8993    0.8619       288

   micro avg     0.5524    0.8398    0.6664      1142
   macro avg     0.6201    0.8408    0.7059      1142
weighted avg     0.5820    0.8398    0.6792      1142
"
0,78516,1e-05,8,1.530502902220606,0.9754210732471602,0.9767174337675949,2.548426477207492,0.9682325240282549,0.9712689274304152,6.31607088247935,0.05685744285583496,"              precision    recall  f1-score   support

         LOC     0.6042    0.8571    0.7088       301
         ORG     0.5252    0.8662    0.6539       553
         PER     0.8912    0.9097    0.9003       288

   micro avg     0.6118    0.8748    0.7200      1142
   macro avg     0.6735    0.8777    0.7544      1142
weighted avg     0.6383    0.8748    0.7305      1142
"
0,944601,1e-05,8,1.2151326773797764,0.9654328241284763,0.9681724188876847,2.2766573846409166,0.9544524645848612,0.9607771223751496,5.788618318239847,0.0568416158358256,"              precision    recall  f1-score   support

         LOC     0.5839    0.7973    0.6742       301
         ORG     0.4183    0.8336    0.5571       553
         PER     0.8511    0.9132    0.8811       288

   micro avg     0.5291    0.8441    0.6505      1142
   macro avg     0.6178    0.8481    0.7041      1142
weighted avg     0.5711    0.8441    0.6697      1142
"
