,Seed,Learning Rate,Batch Size,Val CE,Val Accuracy,Val F1,Test CE,Test Accuracy,Test F1,Fine Tuning Time(m),Test Labeling Time(m),classification_report
0,5768,1e-05,8,1.021736242771879,0.9780650215432825,0.9793700727628307,2.4279748793863862,0.9639479677307291,0.9680869028164677,21.51356785694758,0.17617373863855998,"              precision    recall  f1-score   support

         LOC     0.7000    0.8605    0.7720       301
         ORG     0.4707    0.8716    0.6113       553
         PER     0.8675    0.9097    0.8881       288

   micro avg     0.5914    0.8783    0.7068      1142
   macro avg     0.6794    0.8806    0.7571      1142
weighted avg     0.6312    0.8783    0.7235      1142
"
0,78516,1e-05,8,1.16439292828242,0.977183705444575,0.978564702254554,1.8341105894771992,0.9647971590689775,0.9686656509865569,18.201507174968718,0.17576200564702352,"              precision    recall  f1-score   support

         LOC     0.6537    0.8405    0.7355       301
         ORG     0.4939    0.8716    0.6305       553
         PER     0.8636    0.9236    0.8926       288

   micro avg     0.5990    0.8765    0.7117      1142
   macro avg     0.6704    0.8786    0.7529      1142
weighted avg     0.6293    0.8765    0.7243      1142
"
0,944601,1e-05,8,1.3357545026285829,0.9747356051703878,0.9762294237890434,1.9829390112655583,0.966148145288918,0.9696806985245257,16.559202980995178,0.17634756167729695,"              precision    recall  f1-score   support

         LOC     0.5698    0.8405    0.6792       301
         ORG     0.5047    0.8734    0.6397       553
         PER     0.8976    0.9132    0.9053       288

   micro avg     0.5897    0.8748    0.7045      1142
   macro avg     0.6574    0.8757    0.7414      1142
weighted avg     0.6210    0.8748    0.7171      1142
"
