,Seed,Learning Rate,Batch Size,Val CE,Val Accuracy,Val F1,Test CE,Test Accuracy,Test F1,Fine Tuning Time(m),Test Labeling Time(m),classification_report
0,5768,1e-05,16,2.053403016518463,0.987267985887406,0.9886119601417621,49.461534575504416,0.8756798457087753,0.9073754492038485,19.323900798956554,0.16071492433547974,"              precision    recall  f1-score   support

         LOC     0.0102    0.0432    0.0165       301
         ORG     0.0336    0.0651    0.0443       553
         PER     0.5052    0.5069    0.5061       288

   micro avg     0.0741    0.1708    0.1033      1142
   macro avg     0.1830    0.2051    0.1890      1142
weighted avg     0.1464    0.1708    0.1534      1142
"
0,78516,1e-05,16,1.8687125457958742,0.9789845068262003,0.9819126963850024,41.54385480985922,0.8271166827386692,0.8802811573593834,15.870003581047058,0.15554851690928143,"              precision    recall  f1-score   support

         LOC     0.0073    0.0432    0.0125       301
         ORG     0.0156    0.0398    0.0224       553
         PER     0.5552    0.6285    0.5896       288

   micro avg     0.0614    0.1891    0.0927      1142
   macro avg     0.1927    0.2371    0.2082      1142
weighted avg     0.1495    0.1891    0.1628      1142
"
0,944601,1e-05,16,2.931622909551317,0.9869611903666207,0.9881999492572346,46.26158354431391,0.8969334619093539,0.9188152542443097,18.380350192387898,0.16007302602132162,"              precision    recall  f1-score   support

         LOC     0.0094    0.0332    0.0147       301
         ORG     0.0474    0.0705    0.0567       553
         PER     0.6971    0.6632    0.6797       288

   micro avg     0.1112    0.2102    0.1454      1142
   macro avg     0.2513    0.2556    0.2504      1142
weighted avg     0.2013    0.2102    0.2028      1142
"
