,Seed,Learning Rate,Batch Size,Val CE,Val Accuracy,Val F1,Test CE,Test Accuracy,Test F1,Fine Tuning Time(m),Test Labeling Time(m),classification_report
0,5768,1e-05,16,2.2813775909131224,0.9866146848602989,0.9869617167740496,3.7666297930142414,0.982276300204587,0.982732235495443,95.65378181536992,0.37876344919204713,"              precision    recall  f1-score   support

         LOC     0.8876    0.9376    0.9120      1668
         ORG     0.8234    0.9290    0.8730      1661
         PER     0.9477    0.9629    0.9552      1617

   micro avg     0.8835    0.9430    0.9123      4946
   macro avg     0.8862    0.9432    0.9134      4946
weighted avg     0.8857    0.9430    0.9130      4946
"
0,78516,1e-05,16,1.2906298394077031,0.9812053281351527,0.9820767549121925,3.246415933358043,0.9737482502422742,0.9753109544955819,75.17016050815582,0.37823545932769775,"              precision    recall  f1-score   support

         LOC     0.8719    0.9341    0.9019      1668
         ORG     0.6347    0.7574    0.6906      1661
         PER     0.9619    0.9672    0.9645      1617

   micro avg     0.8119    0.8856    0.8471      4946
   macro avg     0.8228    0.8862    0.8524      4946
weighted avg     0.8216    0.8856    0.8514      4946
"
0,944601,1e-05,16,1.6304530632421863,0.9834957764782326,0.9841011217321848,3.8346564511313637,0.9776677075481857,0.9785921819803124,75.10262402296067,0.3796172022819519,"              precision    recall  f1-score   support

         LOC     0.8535    0.9329    0.8914      1668
         ORG     0.7612    0.9290    0.8368      1661
         PER     0.9644    0.9555    0.9599      1617

   micro avg     0.8518    0.9389    0.8932      4946
   macro avg     0.8597    0.9391    0.8960      4946
weighted avg     0.8588    0.9389    0.8955      4946
"
