,Seed,Learning Rate,Batch Size,Val CE,Val Accuracy,Val F1,Test CE,Test Accuracy,Test F1,Fine Tuning Time(m),Test Labeling Time(m),classification_report
0,5768,1e-05,16,1.6792889660423598,0.9821474983755686,0.9828471989938231,2.930885626655414,0.9694889103182257,0.9724443635578122,61.90576169490814,0.15451203187306722,"              precision    recall  f1-score   support

         LOC     0.7355    0.8870    0.8042       301
         ORG     0.5021    0.8463    0.6303       553
         PER     0.8859    0.9167    0.9010       288

   micro avg     0.6271    0.8748    0.7305      1142
   macro avg     0.7079    0.8833    0.7785      1142
weighted avg     0.6604    0.8748    0.7444      1142
"
0,78516,1e-05,16,1.3387694184121364,0.9808804418453542,0.9817039328959036,3.563614889741396,0.9676759884281582,0.9708920830409145,75.1472261150678,0.15425829490025839,"              precision    recall  f1-score   support

         LOC     0.7182    0.8804    0.7910       301
         ORG     0.4970    0.8879    0.6372       553
         PER     0.8725    0.9271    0.8990       288

   micro avg     0.6152    0.8958    0.7294      1142
   macro avg     0.6959    0.8985    0.7758      1142
weighted avg     0.6500    0.8958    0.7438      1142
"
0,944601,1e-05,16,1.6304530632421863,0.9834957764782326,0.9841011217321848,3.06839347502768,0.9695274831243973,0.972604927813868,75.18435567617416,0.15399877627690634,"              precision    recall  f1-score   support

         LOC     0.7215    0.9037    0.8024       301
         ORG     0.5282    0.8969    0.6649       553
         PER     0.9133    0.9514    0.9320       288

   micro avg     0.6448    0.9124    0.7556      1142
   macro avg     0.7210    0.9173    0.7997      1142
weighted avg     0.6763    0.9124    0.7685      1142
"
