,Seed,Learning Rate,Batch Size,Val CE,Val Accuracy,Val F1,Test CE,Test Accuracy,Test F1,Fine Tuning Time(m),Test Labeling Time(m),classification_report
0,5768,1e-05,8,4.24326743912317,0.9678809244026635,0.969583153459962,3.407816157123522,0.9638707685181611,0.9673012175684709,8.912076703707378,0.056357987721761066,"              precision    recall  f1-score   support

         LOC     0.6518    0.7774    0.7091       301
         ORG     0.5071    0.8427    0.6332       553
         PER     0.7393    0.7778    0.7580       288

   micro avg     0.5844    0.8091    0.6787      1142
   macro avg     0.6327    0.7993    0.7001      1142
weighted avg     0.6038    0.8091    0.6847      1142
"
0,78516,1e-05,8,3.6050369936753723,0.9646494320407364,0.9668978280590466,3.1032344270152628,0.9577720307252866,0.9625238709969165,7.863987731933594,0.05619421402613322,"              precision    recall  f1-score   support

         LOC     0.5819    0.7674    0.6619       301
         ORG     0.4565    0.8264    0.5882       553
         PER     0.6857    0.7500    0.7164       288

   micro avg     0.5277    0.7916    0.6333      1142
   macro avg     0.5747    0.7813    0.6555      1142
weighted avg     0.5474    0.7916    0.6399      1142
"
0,944601,1e-05,8,3.2283357885602277,0.9631805718762241,0.965865413964866,3.144706534608095,0.9559964488362219,0.9611874458213994,6.828014838695526,0.062433942159016924,"              precision    recall  f1-score   support

         LOC     0.6209    0.7508    0.6797       301
         ORG     0.4367    0.8608    0.5794       553
         PER     0.7264    0.8021    0.7624       288

   micro avg     0.5265    0.8170    0.6404      1142
   macro avg     0.5947    0.8046    0.6738      1142
weighted avg     0.5583    0.8170    0.6520      1142
"
