,Seed,Learning Rate,Batch Size,Val CE,Val Accuracy,Val F1,Test CE,Test Accuracy,Test F1,Fine Tuning Time(m),Test Labeling Time(m),classification_report
0,5768,1e-05,16,1.9094988930110748,0.9793400567903652,0.9803602308303074,3.159237960019656,0.971533269045323,0.9740022480423898,16.700423141320545,0.15834407011667886,"              precision    recall  f1-score   support

         LOC     0.6617    0.8771    0.7543       301
         ORG     0.5543    0.9042    0.6873       553
         PER     0.9122    0.9375    0.9247       288

   micro avg     0.6475    0.9054    0.7550      1142
   macro avg     0.7094    0.9062    0.7887      1142
weighted avg     0.6729    0.9054    0.7648      1142
"
0,78516,1e-05,16,2.6498336102813482,0.9761088808381475,0.9776067698096751,3.516074468655621,0.9714561234329797,0.9741946381067059,16.687672245502473,0.15827589035034179,"              precision    recall  f1-score   support

         LOC     0.7131    0.8671    0.7826       301
         ORG     0.5377    0.9295    0.6812       553
         PER     0.9244    0.9340    0.9292       288

   micro avg     0.6472    0.9142    0.7579      1142
   macro avg     0.7251    0.9102    0.7977      1142
weighted avg     0.6814    0.9142    0.7705      1142
"
0,944601,1e-05,16,3.0292771161139873,0.9766963673749143,0.9779873297322186,3.6257619996296637,0.9704532304725169,0.9731934405673153,16.675922016302746,0.15833112398783367,"              precision    recall  f1-score   support

         LOC     0.6974    0.8804    0.7783       301
         ORG     0.5213    0.9078    0.6623       553
         PER     0.9067    0.9444    0.9252       288

   micro avg     0.6324    0.9098    0.7461      1142
   macro avg     0.7084    0.9109    0.7886      1142
weighted avg     0.6649    0.9098    0.7591      1142
"
