,Seed,Learning Rate,Batch Size,Val CE,Val Accuracy,Val F1,Test CE,Test Accuracy,Test F1,Fine Tuning Time(m),Test Labeling Time(m),classification_report
0,5768,1e-05,16,3.8544329343871637,0.9894155545329039,0.990255663218954,37.95845645224607,0.8468181328739097,0.8707501681316409,22.440779658158622,0.3792791604995728,"              precision    recall  f1-score   support

         LOC     0.0537    0.0414    0.0467      1668
         ORG     0.1472    0.4106    0.2167      1661
         PER     0.6845    0.7297    0.7064      1617

   micro avg     0.2526    0.3904    0.3068      4946
   macro avg     0.2951    0.3939    0.3233      4946
weighted avg     0.2913    0.3904    0.3195      4946
"
0,78516,1e-05,16,3.085294358432293,0.9892621567725112,0.990242447820074,35.21148525123243,0.8483902228922149,0.8698331130213259,19.103325259685516,0.3798079530398051,"              precision    recall  f1-score   support

         LOC     0.0408    0.0282    0.0333      1668
         ORG     0.1820    0.5340    0.2715      1661
         PER     0.6584    0.6401    0.6491      1617

   micro avg     0.2591    0.3981    0.3139      4946
   macro avg     0.2937    0.4008    0.3180      4946
weighted avg     0.2901    0.3981    0.3146      4946
"
0,944601,1e-05,16,3.044129481031136,0.9829728485964105,0.9852179129701132,32.24558996602341,0.7713362765155594,0.8242222954644847,15.949767696857453,0.38775798479715984,"              precision    recall  f1-score   support

         LOC     0.0579    0.0815    0.0677      1668
         ORG     0.0851    0.3299    0.1353      1661
         PER     0.5815    0.6067    0.5938      1617

   micro avg     0.1590    0.3366    0.2160      4946
   macro avg     0.2415    0.3394    0.2656      4946
weighted avg     0.2382    0.3366    0.2624      4946
"
